User_ID,Age,Gender,Platform,Daily_Usage_Time (minutes),Posts_Per_Day,Likes_Received_Per_Day,Comments_Received_Per_Day,Messages_Sent_Per_Day,Dominant_Emotion

1,25,Female,Instagram,120,3,45,10,12,Happiness

2,30,Male,Twitter,90,5,20,25,30,Anger

3,22,Non-binary,Facebook,60,2,15,5,20,Neutral

4,28,Female,Instagram,200,8,100,30,50,Anxiety

5,33,Male,LinkedIn,45,1,5,2,10,Boredom

6,21,Male,Instagram,150,4,60,15,25,Happiness

7,27,Female,Twitter,85,3,30,10,18,Anger

8,24,Non-binary,Facebook,110,6,25,12,22,Sadness

9,29,Female,LinkedIn,55,2,10,3,8,Neutral

10,31,Male,Instagram,170,5,80,20,35,Happiness

11,23,Female,Twitter,75,4,35,7,20,Anxiety

12,26,Non-binary,Facebook,95,3,20,10,18,Sadness

13,34,Male,LinkedIn,65,1,12,4,15,Boredom

14,22,Female,Instagram,180,7,90,25,40,Happiness

15,28,Male,Twitter,100,6,40,23,28,Anger

16,21,Non-binary,Facebook,40,1,5,2,10,Neutral

17,35,Female,Instagram,125,4,55,18,30,Anxiety

18,27,Male,Twitter,90,3,33,15,25,Sadness

19,23,Non-binary,LinkedIn,50,1,8,3,12,Neutral

20,32,Female,Instagram,140,5,70,22,33,Happiness

21,26,Male,Facebook,75,2,25,10,18,Anxiety

22,24,Female,Twitter,105,4,28,14,20,Anger

23,29,Male,LinkedIn,60,2,11,5,17,Boredom

24,33,Non-binary,Instagram,190,8,95,26,45,Happiness

25,22,Female,Twitter,70,3,20,12,15,Sadness

26,31,Male,Facebook,80,2,18,8,21,Neutral

27,27,Non-binary,LinkedIn,55,1,9,2,11,Anxiety

28,25,Female,Instagram,160,6,85,19,32,Happiness

29,30,Male,Twitter,90,4,38,17,24,Anger

30,26,Non-binary,Facebook,45,1,6,3,10,Sadness

31,34,Female,LinkedIn,65,2,13,4,14,Boredom

32,28,Male,Instagram,145,5,75,20,35,Happiness

33,23,Non-binary,Twitter,70,3,27,11,18,Neutral

34,21,Female,Instagram,130,6,88,15,30,Sadness

35,29,Male,Facebook,65,2,22,8,20,Anxiety

36,24,Non-binary,LinkedIn,55,1,10,5,11,Boredom

37,33,Female,Instagram,170,7,90,25,40,Happiness

38,27,Male,Twitter,85,4,35,15,20,Anger

39,22,Female,Instagram,115,3,55,12,25,Neutral

40,28,Non-binary,Facebook,100,2,18,10,22,Anxiety

41,31,Male,LinkedIn,45,1,6,2,9,Sadness

42,25,Female,Instagram,150,6,80,18,30,Happiness

43,29,Male,Twitter,95,4,40,20,22,Anger

44,23,Non-binary,Facebook,105,2,20,8,18,Neutral

45,35,Female,LinkedIn,60,1,12,5,14,Boredom

46,30,Male,Instagram,175,7,85,23,38,Happiness

47,21,Female,Twitter,90,3,33,12,20,Sadness

48,26,Non-binary,Facebook,75,2,28,11,18,Anxiety

49,32,Male,Instagram,130,5,70,19,31,Neutral

50,28,Female,LinkedIn,55,1,8,4,10,Boredom

51,27,Male,Instagram,165,6,78,22,27,Happiness

52,24,Female,Twitter,75,3,29,15,19,Anger

53,29,Non-binary,Facebook,85,2,25,7,20,Neutral

54,33,Female,Instagram,145,4,60,18,35,Sadness

55,31,Male,LinkedIn,60,1,10,3,17,Anxiety

56,22,Female,Whatsapp,70,2,40,8,21,Anxiety

57,25,Male,Telegram,90,3,20,10,22,Boredom

58,29,Non-binary,Snapchat,50,2,15,5,18,Sadness

59,28,Female,Twitter,95,4,45,20,25,Happiness

60,27,Male,Facebook,60,1,10,4,15,Boredom

61,30,Female,Instagram,175,6,70,23,33,Happiness

62,23,Male,Whatsapp,70,3,20,8,18,Anger

63,34,Non-binary,Telegram,80,2,18,7,20,Neutral

64,26,Female,Snapchat,120,4,50,15,30,Anxiety

65,25,Male,Twitter,90,6,40,12,26,Sadness

66,29,Non-binary,Facebook,60,1,8,2,12,Boredom

67,28,Male,Instagram,165,5,75,18,35,Happiness

68,31,Female,Whatsapp,65,2,25,8,20,Neutral

69,27,Male,Telegram,105,3,45,15,28,Anxiety

70,22,Non-binary,Snapchat,75,2,18,6,20,Sadness

71,24,Female,Instagram,140,4,60,18,30,Happiness

72,35,Male,Twitter,70,1,12,7,10,Boredom

73,21,Non-binary,Facebook,55,3,15,5,12,Neutral

74,29,Female,Whatsapp,90,2,20,9,22,Anger

75,25,Male,Telegram,80,4,28,11,25,Neutral

76,28,Non-binary,Snapchat,115,3,36,12,27,Anxiety

77,32,Female,Instagram,155,6,72,20,38,Happiness

78,26,Male,Twitter,75,2,22,10,18,Sadness

79,33,Non-binary,Facebook,65,1,12,5,14,Anxiety

80,27,Female,Whatsapp,90,4,35,14,20,Neutral

81,31,Male,Telegram,50,2,18,6,12,Sadness

82,24,Non-binary,Snapchat,85,3,30,13,18,Happiness

83,34,Female,Instagram,120,5,55,19,25,Anger

84,22,Male,Twitter,70,1,20,5,22,Neutral

85,29,Non-binary,Facebook,75,2,18,8,20,Boredom

86,28,Female,Whatsapp,100,4,35,12,26,Anxiety

87,31,Male,Telegram,85,3,40,15,28,Sadness

88,21,Non-binary,Snapchat,60,1,15,5,12,Neutral

89,25,Female,Instagram,170,6,78,22,33,Happiness

90,30,Male,Twitter,70,2,28,10,20,Anxiety

91,27,Non-binary,Facebook,50,1,8,2,10,Boredom

92,32,Female,Whatsapp,105,4,50,18,25,Anger

93,24,Male,Telegram,75,3,33,13,22,Neutral

94,29,Female,Snapchat,95,2,20,7,28,Sadness

95,26,Male,Instagram,150,5,65,20,30,Anxiety

96,33,Non-binary,Twitter,85,4,30,13,18,Boredom

97,22,Female,Facebook,70,1,12,5,10,Neutral

98,35,Male,Whatsapp,110,3,45,20,25,Happiness

99,28,Non-binary,Telegram,60,2,15,6,18,Anger

100,27,Female,Snapchat,120,4,38,13,22,Neutral

101,25,Female,Instagram,120,5,50,20,25,Happiness

102,30,Male,Twitter,90,4,30,20,22,Anger

103,22,Non-binary,Facebook,60,2,20,10,15,Neutral

104,28,Female,Instagram,200,8,110,40,45,Anxiety

105,33,Male,LinkedIn,45,1,10,5,12,Boredom

106,21,Male,Instagram,150,5,65,25,30,Happiness

107,27,Female,Twitter,85,3,40,18,20,Anger

108,24,Non-binary,Facebook,110,6,35,16,25,Sadness

109,29,Female,LinkedIn,55,2,15,5,10,Neutral

110,31,Male,Instagram,170,7,90,35,40,Happiness

111,23,Female,Twitter,75,4,45,20,25,Anxiety

112,26,Non-binary,Facebook,95,3,30,14,18,Sadness

113,34,Male,LinkedIn,65,1,14,6,15,Boredom

114,22,Female,Instagram,180,8,100,38,45,Happiness

115,28,Male,Twitter,100,6,50,30,29,Anger

116,21,Non-binary,Facebook,40,1,10,4,12,Neutral

117,35,Female,Instagram,125,5,65,22,28,Anxiety

118,27,Male,Twitter,90,3,40,16,24,Sadness

119,23,Non-binary,LinkedIn,50,1,12,6,12,Neutral

120,32,Female,Instagram,140,6,75,28,30,Happiness

121,26,Male,Facebook,75,2,30,14,20,Anxiety

122,24,Female,Twitter,105,4,35,20,23,Anger

123,29,Male,LinkedIn,60,2,17,8,15,Boredom

124,33,Non-binary,Instagram,190,8,105,36,50,Happiness

125,22,Female,Twitter,70,3,25,16,15,Sadness

126,31,Male,Facebook,80,2,20,10,20,Neutral

127,27,Non-binary,LinkedIn,55,1,12,5,11,Anxiety

128,25,Female,Instagram,160,6,85,26,30,Happiness

129,30,Male,Twitter,90,4,43,19,24,Anger

130,26,Non-binary,Facebook,45,1,8,4,12,Sadness

131,34,Female,LinkedIn,65,2,17,5,14,Boredom

132,28,Male,Instagram,145,7,80,30,35,Happiness

133,23,Non-binary,Twitter,70,3,30,14,18,Neutral

134,21,Female,Instagram,130,6,95,22,28,Sadness

135,29,Male,Facebook,65,2,27,11,22,Anxiety

136,24,Non-binary,LinkedIn,55,1,11,6,11,Boredom

137,33,Female,Instagram,170,7,95,30,38,Happiness

138,27,Male,Twitter,85,4,45,18,24,Anger

139,22,Female,Instagram,115,3,60,17,30,Neutral

140,28,Non-binary,Facebook,100,2,22,12,25,Anxiety

141,31,Male,LinkedIn,45,1,9,4,10,Sadness

142,25,Female,Instagram,150,6,90,26,30,Happiness

143,29,Male,Twitter,95,4,50,22,22,Anger

144,23,Non-binary,Facebook,105,2,25,12,18,Neutral

145,35,Female,LinkedIn,60,1,15,7,14,Boredom

146,30,Male,Instagram,175,7,100,33,38,Happiness

147,21,Female,Twitter,90,3,37,14,20,Sadness

148,26,Non-binary,Facebook,75,2,30,12,18,Anxiety

149,32,Male,Instagram,130,5,80,28,31,Neutral

150,28,Female,LinkedIn,55,1,12,6,10,Boredom

151,27,Male,Instagram,165,6,85,30,28,Happiness

152,24,Female,Twitter,75,3,33,18,19,Anger

153,29,Non-binary,Facebook,85,2,27,9,20,Neutral

154,33,Female,Instagram,145,4,65,23,35,Sadness

155,31,Male,LinkedIn,60,1,15,7,17,Anxiety

156,22,Female,Whatsapp,70,2,42,10,21,Anxiety

157,25,Male,Telegram,90,3,22,11,22,Boredom

158,29,Non-binary,Snapchat,50,2,18,7,18,Sadness

159,28,Female,Twitter,95,4,48,22,25,Happiness

160,27,Male,Facebook,60,1,12,5,15,Boredom

161,30,Female,Instagram,175,6,72,30,33,Happiness

162,23,Male,Whatsapp,70,3,22,10,18,Anger

163,34,Non-binary,Telegram,80,2,21,8,20,Neutral

164,26,Female,Snapchat,120,4,55,18,30,Anxiety

165,25,Male,Twitter,90,6,42,14,26,Sadness

166,29,Non-binary,Facebook,60,1,12,4,12,Boredom

167,28,Male,Instagram,165,5,78,23,35,Happiness

168,31,Female,Whatsapp,65,2,27,10,20,Neutral

169,27,Male,Telegram,105,3,48,20,28,Anxiety

170,22,Non-binary,Snapchat,75,2,21,8,20,Sadness

171,24,Female,Instagram,140,4,65,22,30,Happiness

172,35,Male,Twitter,70,1,13,8,10,Boredom

173,21,Non-binary,Facebook,55,3,17,7,12,Neutral

174,29,Female,Whatsapp,90,2,24,12,22,Anger

175,25,Male,Telegram,80,4,30,13,25,Neutral

176,28,Non-binary,Snapchat,115,3,38,18,27,Anxiety

177,32,Female,Instagram,155,6,75,25,38,Happiness

178,26,Male,Twitter,75,2,23,12,18,Sadness

179,33,Non-binary,Facebook,65,1,13,7,14,Anxiety

180,27,Female,Whatsapp,90,4,37,18,20,Neutral

181,31,Male,Telegram,50,2,20,10,12,Sadness

182,24,Non-binary,Snapchat,85,3,33,20,18,Happiness

183,34,Female,Instagram,120,5,60,25,25,Anger

184,22,Male,Twitter,70,1,22,7,22,Neutral

185,29,Non-binary,Facebook,75,2,20,8,20,Boredom

186,28,Female,Whatsapp,100,4,37,14,26,Anxiety

187,31,Male,Telegram,85,3,45,20,28,Sadness

188,21,Non-binary,Snapchat,60,1,18,7,12,Neutral

189,25,Female,Instagram,170,6,83,30,33,Happiness

190,30,Male,Twitter,70,2,30,12,20,Anxiety

191,27,Non-binary,Facebook,50,1,10,4,10,Boredom

192,32,Female,Whatsapp,105,4,55,25,25,Anger

193,24,Male,Telegram,75,3,37,16,22,Neutral

194,29,Female,Snapchat,95,2,23,10,28,Sadness

195,26,Male,Instagram,150,5,70,25,30,Anxiety

196,33,Non-binary,Twitter,85,4,35,18,18,Boredom

197,22,Female,Facebook,70,1,14,6,10,Neutral

198,35,Male,Whatsapp,110,3,50,25,25,Happiness

199,28,Non-binary,Telegram,60,2,18,8,18,Anger

200,27,Female,Snapchat,120,4,40,18,22,Neutral

201,25,Female,Instagram,120,5,50,20,25,Happiness

202,30,Male,Twitter,90,4,30,20,22,Anger

203,22,Non-binary,Facebook,60,2,20,10,15,Neutral

204,28,Female,Instagram,200,8,110,40,45,Anxiety

205,33,Male,LinkedIn,45,1,10,5,12,Boredom

206,21,Male,Instagram,150,5,65,25,30,Happiness

207,27,Female,Twitter,85,3,40,18,20,Anger

208,24,Non-binary,Facebook,110,6,35,16,25,Sadness

209,29,Female,LinkedIn,55,2,15,5,10,Neutral

210,31,Male,Instagram,170,7,90,35,40,Happiness

211,23,Female,Twitter,75,4,45,20,25,Anxiety

212,26,Non-binary,Facebook,95,3,30,14,18,Sadness

213,34,Male,LinkedIn,65,1,14,6,15,Boredom

214,22,Female,Instagram,180,8,100,38,45,Happiness

215,28,Male,Twitter,100,6,50,30,29,Anger

216,21,Non-binary,Facebook,40,1,10,4,12,Neutral

217,35,Female,Instagram,125,5,65,22,28,Anxiety

218,27,Male,Twitter,90,3,40,16,24,Sadness

219,23,Non-binary,LinkedIn,50,1,12,6,12,Neutral

220,32,Female,Instagram,140,6,75,28,30,Happiness

221,26,Male,Facebook,75,2,30,14,20,Anxiety

222,24,Female,Twitter,105,4,35,20,23,Anger

223,29,Male,LinkedIn,60,2,17,8,15,Boredom

224,33,Non-binary,Instagram,190,8,105,36,50,Happiness

225,22,Female,Twitter,70,3,25,16,15,Sadness

226,31,Male,Facebook,80,2,20,10,20,Neutral

227,27,Non-binary,LinkedIn,55,1,12,5,11,Anxiety

228,25,Female,Instagram,160,6,85,26,30,Happiness

229,30,Male,Twitter,90,4,43,19,24,Anger

230,26,Non-binary,Facebook,45,1,8,4,12,Sadness

231,34,Female,LinkedIn,65,2,17,5,14,Boredom

232,28,Male,Instagram,145,7,80,30,35,Happiness

233,23,Non-binary,Twitter,70,3,30,14,18,Neutral

234,21,Female,Instagram,130,6,95,22,28,Sadness

235,29,Male,Facebook,65,2,27,11,22,Anxiety

236,24,Non-binary,LinkedIn,55,1,11,6,11,Boredom

237,33,Female,Instagram,170,7,95,30,38,Happiness

238,27,Male,Twitter,85,4,45,18,24,Anger

239,22,Female,Instagram,115,3,60,17,30,Neutral

240,28,Non-binary,Facebook,100,2,22,12,25,Anxiety

241,31,Male,LinkedIn,45,1,9,4,10,Sadness

242,25,Female,Instagram,150,6,90,26,30,Happiness

243,29,Male,Twitter,95,4,50,22,22,Anger

244,23,Non-binary,Facebook,105,2,25,12,18,Neutral

245,35,Female,LinkedIn,60,1,15,7,14,Boredom

246,30,Male,Instagram,175,7,100,33,38,Happiness

247,21,Female,Twitter,90,3,37,14,20,Sadness

248,26,Non-binary,Facebook,75,2,30,12,18,Anxiety

249,32,Male,Instagram,130,5,80,28,31,Neutral

250,28,Female,LinkedIn,55,1,12,6,10,Boredom

251,Male,27,Instagram,165,6,85,30,28,Happiness

252,Female,24,Twitter,75,3,33,18,19,Anger

253,Non-binary,29,Facebook,85,2,27,9,20,Neutral

254,Female,33,Instagram,145,4,65,23,35,Sadness

255,Male,31,LinkedIn,60,1,15,7,17,Anxiety

256,Female,22,Whatsapp,70,2,42,10,21,Anxiety

257,Male,25,Telegram,90,3,22,11,22,Boredom

258,Non-binary,29,Snapchat,50,2,18,7,18,Sadness

259,Female,28,Twitter,95,4,48,22,25,Happiness

260,Male,27,Facebook,60,1,12,5,15,Boredom

261,Female,30,Instagram,175,6,72,30,33,Happiness

262,Male,23,Whatsapp,70,3,22,10,18,Anger

263,Non-binary,34,Telegram,80,2,21,8,20,Neutral

264,Female,26,Snapchat,120,4,55,18,30,Anxiety

265,Male,25,Twitter,90,6,42,14,26,Sadness

266,Non-binary,29,Facebook,60,1,12,4,12,Boredom

267,Male,28,Instagram,165,5,78,23,35,Happiness

268,Female,31,Whatsapp,65,2,27,10,20,Neutral

269,Male,27,Telegram,105,3,48,20,28,Anxiety

270,Non-binary,22,Snapchat,75,2,21,8,20,Sadness

271,Female,24,Instagram,140,4,65,22,30,Happiness

272,Male,35,Twitter,70,1,13,8,10,Boredom

273,Non-binary,21,Facebook,55,3,17,7,12,Neutral

274,Female,29,Whatsapp,90,2,24,12,22,Anger

275,Male,25,Telegram,80,4,30,13,25,Neutral

276,Non-binary,28,Snapchat,115,3,38,18,27,Anxiety

277,Female,32,Instagram,155,6,75,25,38,Happiness

278,Male,26,Twitter,75,2,23,12,18,Sadness

279,Non-binary,33,Facebook,65,1,13,7,14,Anxiety

280,Female,27,Whatsapp,90,4,37,18,20,Neutral

281,Male,31,Telegram,50,2,20,10,12,Sadness

282,Non-binary,24,Snapchat,85,3,33,20,18,Happiness

283,Female,34,Instagram,120,5,60,25,25,Anger

284,Male,22,Twitter,70,1,22,7,22,Neutral

285,Non-binary,29,Facebook,75,2,20,8,20,Boredom

286,Female,28,Whatsapp,100,4,37,14,26,Anxiety

287,Male,31,Telegram,85,3,45,20,28,Sadness

288,Non-binary,21,Snapchat,60,1,18,7,12,Neutral

289,25,Female,Instagram,170,6,83,30,33,Happiness

290,30,Male,Twitter,70,2,30,12,20,Anxiety

291,27,Non-binary,Facebook,50,1,10,4,10,Boredom

292,32,Female,Whatsapp,105,4,55,25,25,Anger

293,24,Male,Telegram,75,3,37,16,22,Neutral

294,29,Female,Snapchat,95,2,23,10,28,Sadness

295,26,Male,Instagram,150,5,70,25,30,Anxiety

296,33,Non-binary,Twitter,85,4,35,18,18,Boredom

297,22,Female,Facebook,70,1,14,6,10,Neutral

298,35,Male,Whatsapp,110,3,50,25,25,Happiness

299,28,Non-binary,Telegram,60,2,18,8,18,Anger

300,27,Female,Snapchat,120,4,40,18,22,Neutral

301,25,Female,Instagram,120,5,50,20,25,Happiness

302,30,Male,Twitter,90,4,30,20,22,Anger

303,22,Non-binary,Facebook,60,2,20,10,15,Neutral

304,28,Female,Instagram,200,8,110,40,45,Anxiety

305,33,Male,LinkedIn,45,1,10,5,12,Boredom

306,21,Male,Instagram,150,5,65,25,30,Happiness

307,27,Female,Twitter,85,3,40,18,20,Anger

308,24,Non-binary,Facebook,110,6,35,16,25,Sadness

309,29,Female,LinkedIn,55,2,15,5,10,Neutral

310,31,Male,Instagram,170,7,90,35,40,Happiness

311,23,Female,Twitter,75,4,45,20,25,Anxiety

312,26,Non-binary,Facebook,95,3,30,14,18,Sadness

313,34,Male,LinkedIn,65,1,14,6,15,Boredom

314,22,Female,Instagram,180,8,100,38,45,Happiness

315,28,Male,Twitter,100,6,50,30,29,Anger

316,21,Non-binary,Facebook,40,1,10,4,12,Neutral

317,35,Female,Instagram,125,5,65,22,28,Anxiety

318,27,Male,Twitter,90,3,40,16,24,Sadness

319,23,Non-binary,LinkedIn,50,1,12,6,12,Neutral

320,32,Female,Instagram,140,6,75,28,30,Happiness

321,26,Male,Facebook,75,2,30,14,20,Anxiety

322,24,Female,Twitter,105,4,35,20,23,Anger

323,29,Male,LinkedIn,60,2,17,8,15,Boredom

324,33,Non-binary,Instagram,190,8,105,36,50,Happiness

325,22,Female,Twitter,70,3,25,16,15,Sadness

326,31,Male,Facebook,80,2,20,10,20,Neutral

327,27,Non-binary,LinkedIn,55,1,12,5,11,Anxiety

328,25,Female,Instagram,160,6,85,26,30,Happiness

329,30,Male,Twitter,90,4,43,19,24,Anger

330,26,Non-binary,Facebook,45,1,8,4,12,Sadness

331,34,Female,LinkedIn,65,2,17,5,14,Boredom

332,28,Male,Instagram,145,7,80,30,35,Happiness

333,23,Non-binary,Twitter,70,3,30,14,18,Neutral

334,21,Female,Instagram,130,6,95,22,28,Sadness

335,29,Male,Facebook,65,2,27,11,22,Anxiety

336,24,Non-binary,LinkedIn,55,1,11,6,11,Boredom

337,33,Female,Instagram,170,7,95,30,38,Happiness

338,27,Male,Twitter,85,4,45,18,24,Anger

339,22,Female,Instagram,115,3,60,17,30,Neutral

340,28,Non-binary,Facebook,100,2,22,12,25,Anxiety

341,31,Male,LinkedIn,45,1,9,4,10,Sadness

342,25,Female,Instagram,150,6,90,26,30,Happiness

343,29,Male,Twitter,95,4,50,22,22,Anger

344,23,Non-binary,Facebook,105,2,25,12,18,Neutral

345,35,Female,LinkedIn,60,1,15,7,14,Boredom

346,30,Male,Instagram,175,7,100,33,38,Happiness

347,21,Female,Twitter,90,3,37,14,20,Sadness

348,26,Non-binary,Facebook,75,2,30,12,18,Anxiety

349,32,Male,Instagram,130,5,80,28,31,Neutral

350,28,Female,LinkedIn,55,1,12,6,10,Boredom

351,27,Male,Instagram,165,6,85,30,28,Happiness

352,24,Female,Twitter,75,3,33,18,19,Anger

353,29,Non-binary,Facebook,85,2,27,9,20,Neutral

354,33,Female,Instagram,145,4,65,23,35,Sadness

355,31,Male,LinkedIn,60,1,15,7,17,Anxiety

356,22,Female,Whatsapp,70,2,42,10,21,Anxiety

357,25,Male,Telegram,90,3,22,11,22,Boredom

358,29,Non-binary,Snapchat,50,2,18,7,18,Sadness

359,28,Female,Twitter,95,4,48,22,25,Happiness

360,27,Male,Facebook,60,1,12,5,15,Boredom

361,30,Female,Instagram,175,6,72,30,33,Happiness

362,23,Male,Whatsapp,70,3,22,10,18,Anger

363,34,Non-binary,Telegram,80,2,21,8,20,Neutral

364,26,Female,Snapchat,120,4,55,18,30,Anxiety

365,25,Male,Twitter,90,6,42,14,26,Sadness

366,29,Non-binary,Facebook,60,1,12,4,12,Boredom

367,28,Male,Instagram,165,5,78,23,35,Happiness

368,31,Female,Whatsapp,65,2,27,10,20,Neutral

369,27,Male,Telegram,105,3,48,20,28,Anxiety

370,22,Non-binary,Snapchat,75,2,21,8,20,Sadness

371,24,Female,Instagram,140,4,65,22,30,Happiness

372,35,Male,Twitter,70,1,13,8,10,Boredom

373,21,Non-binary,Facebook,55,3,17,7,12,Neutral

374,29,Female,Whatsapp,90,2,24,12,22,Anger

375,25,Male,Telegram,80,4,30,13,25,Neutral

376,28,Non-binary,Snapchat,115,3,38,18,27,Anxiety

377,32,Female,Instagram,155,6,75,25,38,Happiness

378,26,Male,Twitter,75,2,23,12,18,Sadness

379,33,Non-binary,Facebook,65,1,13,7,14,Anxiety

380,27,Female,Whatsapp,90,4,37,18,20,Neutral

381,31,Male,Telegram,50,2,20,10,12,Sadness

382,24,Non-binary,Snapchat,85,3,33,20,18,Happiness

383,34,Female,Instagram,120,5,60,25,25,Anger

384,22,Male,Twitter,70,1,22,7,22,Neutral

385,29,Non-binary,Facebook,75,2,20,8,20,Boredom

386,28,Female,Whatsapp,100,4,37,14,26,Anxiety

387,31,Male,Telegram,85,3,45,20,28,Sadness

388,21,Non-binary,Snapchat,60,1,18,7,12,Neutral

389,25,Female,Instagram,170,6,83,30,33,Happiness

390,30,Male,Twitter,70,2,30,12,20,Anxiety

391,27,Non-binary,Facebook,50,1,10,4,10,Boredom

392,32,Female,Whatsapp,105,4,55,25,25,Anger

393,24,Male,Telegram,75,3,37,16,22,Neutral

394,29,Female,Snapchat,95,2,23,10,28,Sadness

395,26,Male,Instagram,150,5,70,25,30,Anxiety

396,33,Non-binary,Twitter,85,4,35,18,18,Boredom

397,22,Female,Facebook,70,1,14,6,10,Neutral

398,35,Male,Whatsapp,110,3,50,25,25,Happiness

399,28,Non-binary,Telegram,60,2,18,8,18,Anger

400,27,Female,Snapchat,120,4,40,18,22,Neutral

401,25,Female,Instagram,120,5,50,20,25,Happiness

402,30,Male,Twitter,90,4,30,20,22,Anger

403,22,Non-binary,Facebook,60,2,20,10,15,Neutral

404,28,Female,Instagram,200,8,110,40,45,Anxiety

405,33,Male,LinkedIn,45,1,10,5,12,Boredom

406,21,Male,Instagram,150,5,65,25,30,Happiness

407,27,Female,Twitter,85,3,40,18,20,Anger

408,24,Non-binary,Facebook,110,6,35,16,25,Sadness

409,29,Female,LinkedIn,55,2,15,5,10,Neutral

410,31,Male,Instagram,170,7,90,35,40,Happiness

411,23,Female,Twitter,75,4,45,20,25,Anxiety

412,26,Non-binary,Facebook,95,3,30,14,18,Sadness

413,34,Male,LinkedIn,65,1,14,6,15,Boredom

414,22,Female,Instagram,180,8,100,38,45,Happiness

415,28,Male,Twitter,100,6,50,30,29,Anger

416,21,Non-binary,Facebook,40,1,10,4,12,Neutral

417,35,Female,Instagram,125,5,65,22,28,Anxiety

418,27,Male,Twitter,90,3,40,16,24,Sadness

419,23,Non-binary,LinkedIn,50,1,12,6,12,Neutral

420,32,Female,Instagram,140,6,75,28,30,Happiness

421,26,Male,Facebook,75,2,30,14,20,Anxiety

422,24,Female,Twitter,105,4,35,20,23,Anger

423,29,Male,LinkedIn,60,2,17,8,15,Boredom

424,33,Non-binary,Instagram,190,8,105,36,50,Happiness

425,22,Female,Twitter,70,3,25,16,15,Sadness

426,31,Male,Facebook,80,2,20,10,20,Neutral

427,27,Non-binary,LinkedIn,55,1,12,5,11,Anxiety

428,25,Female,Instagram,160,6,85,26,30,Happiness

429,30,Male,Twitter,90,4,43,19,24,Anger

430,26,Non-binary,Facebook,45,1,8,4,12,Sadness

431,34,Female,LinkedIn,65,2,17,5,14,Boredom

432,28,Male,Instagram,145,7,80,30,35,Happiness

433,23,Non-binary,Twitter,70,3,30,14,18,Neutral

434,21,Female,Instagram,130,6,95,22,28,Sadness

435,29,Male,Facebook,65,2,27,11,22,Anxiety

436,24,Non-binary,LinkedIn,55,1,11,6,11,Boredom

437,33,Female,Instagram,170,7,95,30,38,Happiness

438,27,Male,Twitter,85,4,45,18,24,Anger

439,22,Female,Instagram,115,3,60,17,30,Neutral

440,28,Non-binary,Facebook,100,2,22,12,25,Anxiety

441,31,Male,LinkedIn,45,1,9,4,10,Sadness

442,25,Female,Instagram,150,6,90,26,30,Happiness

443,29,Male,Twitter,95,4,50,22,22,Anger

444,23,Non-binary,Facebook,105,2,25,12,18,Neutral

445,35,Female,LinkedIn,60,1,15,7,14,Boredom

446,30,Male,Instagram,175,7,100,33,38,Happiness

447,21,Female,Twitter,90,3,37,14,20,Sadness

448,26,Non-binary,Facebook,75,2,30,12,18,Anxiety

449,32,Male,Instagram,130,5,80,28,31,Neutral

450,28,Female,LinkedIn,55,1,12,6,10,Boredom

451,27,Male,Instagram,165,6,85,30,28,Happiness

452,24,Female,Twitter,75,3,33,18,19,Anger

453,29,Non-binary,Facebook,85,2,27,9,20,Neutral

454,33,Female,Instagram,145,4,65,23,35,Sadness

455,31,Male,LinkedIn,60,1,15,7,17,Anxiety

456,22,Female,Whatsapp,70,2,42,10,21,Anxiety

457,25,Male,Telegram,90,3,22,11,22,Boredom

458,29,Non-binary,Snapchat,50,2,18,7,18,Sadness

459,28,Female,Twitter,95,4,48,22,25,Happiness

460,27,Male,Facebook,60,1,12,5,15,Boredom

461,30,Female,Instagram,175,6,72,30,33,Happiness

462,23,Male,Whatsapp,70,3,22,10,18,Anger

463,34,Non-binary,Telegram,80,2,21,8,20,Neutral

464,26,Female,Snapchat,120,4,55,18,30,Anxiety

465,25,Male,Twitter,90,6,42,14,26,Sadness

466,29,Non-binary,Facebook,60,1,12,4,12,Boredom

467,28,Male,Instagram,165,5,78,23,35,Happiness

468,31,Female,Whatsapp,65,2,27,10,20,Neutral

469,27,Male,Telegram,105,3,48,20,28,Anxiety

470,22,Non-binary,Snapchat,75,2,21,8,20,Sadness

471,24,Female,Instagram,140,4,65,22,30,Happiness

472,35,Male,Twitter,70,1,13,8,10,Boredom

473,21,Non-binary,Facebook,55,3,17,7,12,Neutral

474,29,Female,Whatsapp,90,2,24,12,22,Anger

475,25,Male,Telegram,80,4,30,13,25,Neutral

476,28,Non-binary,Snapchat,115,3,38,18,27,Anxiety

477,32,Female,Instagram,155,6,75,25,38,Happiness

478,26,Male,Twitter,75,2,23,12,18,Sadness

479,33,Non-binary,Facebook,65,1,13,7,14,Anxiety

480,27,Female,Whatsapp,90,4,37,18,20,Neutral

481,31,Male,Telegram,50,2,20,10,12,Sadness

482,24,Non-binary,Snapchat,85,3,33,20,18,Happiness

483,34,Female,Instagram,120,5,60,25,25,Anger

484,22,Male,Twitter,70,1,22,7,22,Neutral

485,29,Non-binary,Facebook,75,2,20,8,20,Boredom

486,28,Female,Whatsapp,100,4,37,14,26,Anxiety

487,31,Male,Telegram,85,3,45,20,28,Sadness

488,21,Non-binary,Snapchat,60,1,18,7,12,Neutral

489,25,Female,Instagram,170,6,83,30,33,Happiness

490,30,Male,Twitter,70,2,30,12,20,Anxiety

491,27,Non-binary,Facebook,50,1,10,4,10,Boredom

492,32,Female,Whatsapp,105,4,55,25,25,Anger

493,24,Male,Telegram,75,3,37,16,22,Neutral

494,29,Female,Snapchat,95,2,23,10,28,Sadness

495,26,Male,Instagram,150,5,70,25,30,Anxiety

496,33,Non-binary,Twitter,85,4,35,18,18,Boredom

497,22,Female,Facebook,70,1,14,6,10,Neutral

498,35,Male,Whatsapp,110,3,50,25,25,Happiness

499,28,Non-binary,Telegram,60,2,18,8,18,Anger

500,27,Female,Snapchat,120,4,40,18,22,Neutral

501,25,Female,Instagram,120,5,50,20,25,Happiness

502,30,Male,Twitter,90,4,30,20,22,Anger

503,22,Non-binary,Facebook,60,2,20,10,15,Neutral

504,28,Female,Instagram,200,8,110,40,45,Anxiety

505,33,Male,LinkedIn,45,1,10,5,12,Boredom

506,21,Male,Instagram,150,5,65,25,30,Happiness

507,27,Female,Twitter,85,3,40,18,20,Anger

508,24,Non-binary,Facebook,110,6,35,16,25,Sadness

509,29,Female,LinkedIn,55,2,15,5,10,Neutral

510,31,Male,Instagram,170,7,90,35,40,Happiness

511,23,Female,Twitter,75,4,45,20,25,Anxiety

512,26,Non-binary,Facebook,95,3,30,14,18,Sadness

513,34,Male,LinkedIn,65,1,14,6,15,Boredom

514,22,Female,Instagram,180,8,100,38,45,Happiness

515,28,Male,Twitter,100,6,50,30,29,Anger

516,21,Non-binary,Facebook,40,1,10,4,12,Neutral

517,35,Female,Instagram,125,5,65,22,28,Anxiety

518,27,Male,Twitter,90,3,40,16,24,Sadness

519,23,Non-binary,LinkedIn,50,1,12,6,12,Neutral

520,32,Female,Instagram,140,6,75,28,30,Happiness

521,26,Male,Facebook,75,2,30,14,20,Anxiety

522,24,Female,Twitter,105,4,35,20,23,Anger

523,29,Male,LinkedIn,60,2,17,8,15,Boredom

524,33,Non-binary,Instagram,190,8,105,36,50,Happiness

525,22,Female,Twitter,70,3,25,16,15,Sadness

526,31,Male,Facebook,80,2,20,10,20,Neutral

527,27,Non-binary,LinkedIn,55,1,12,5,11,Anxiety

528,25,Female,Instagram,160,6,85,26,30,Happiness

529,30,Male,Twitter,90,4,43,19,24,Anger

530,26,Non-binary,Facebook,45,1,8,4,12,Sadness

531,34,Female,LinkedIn,65,2,17,5,14,Boredom

532,28,Male,Instagram,145,7,80,30,35,Happiness

533,23,Non-binary,Twitter,70,3,30,14,18,Neutral

534,21,Female,Instagram,130,6,95,22,28,Sadness

535,29,Male,Facebook,65,2,27,11,22,Anxiety

536,24,Non-binary,LinkedIn,55,1,11,6,11,Boredom

537,33,Female,Instagram,170,7,95,30,38,Happiness

538,27,Male,Twitter,85,4,45,18,24,Anger

539,22,Female,Instagram,115,3,60,17,30,Neutral

540,28,Non-binary,Facebook,100,2,22,12,25,Anxiety

541,31,Male,LinkedIn,45,1,9,4,10,Sadness

542,25,Female,Instagram,150,6,90,26,30,Happiness

543,29,Male,Twitter,95,4,50,22,22,Anger

544,23,Non-binary,Facebook,105,2,25,12,18,Neutral

545,35,Female,LinkedIn,60,1,15,7,14,Boredom

546,30,Male,Instagram,175,7,100,33,38,Happiness

547,21,Female,Twitter,90,3,37,14,20,Sadness

548,26,Non-binary,Facebook,75,2,30,12,18,Anxiety

549,32,Male,Instagram,130,5,80,28,31,Neutral

550,28,Female,LinkedIn,55,1,12,6,10,Boredom

551,27,Male,Instagram,165,6,85,30,28,Happiness

552,24,Female,Twitter,75,3,33,18,19,Anger

553,29,Non-binary,Facebook,85,2,27,9,20,Neutral

554,33,Female,Instagram,145,4,65,23,35,Sadness

555,31,Male,LinkedIn,60,1,15,7,17,Anxiety

556,22,Female,Whatsapp,70,2,42,10,21,Anxiety

557,25,Male,Telegram,90,3,22,11,22,Boredom

558,29,Non-binary,Snapchat,50,2,18,7,18,Sadness

559,28,Female,Twitter,95,4,48,22,25,Happiness

560,27,Male,Facebook,60,1,12,5,15,Boredom

561,30,Female,Instagram,175,6,72,30,33,Happiness

562,23,Male,Whatsapp,70,3,22,10,18,Anger

563,34,Non-binary,Telegram,80,2,21,8,20,Neutral

564,26,Female,Snapchat,120,4,55,18,30,Anxiety

565,25,Male,Twitter,90,6,42,14,26,Sadness

566,29,Non-binary,Facebook,60,1,12,4,12,Boredom

567,28,Male,Instagram,165,5,78,23,35,Happiness

568,31,Female,Whatsapp,65,2,27,10,20,Neutral

569,27,Male,Telegram,105,3,48,20,28,Anxiety

570,22,Non-binary,Snapchat,75,2,21,8,20,Sadness

571,24,Female,Instagram,140,4,65,22,30,Happiness

572,35,Male,Twitter,70,1,13,8,10,Boredom

573,21,Non-binary,Facebook,55,3,17,7,12,Neutral

574,29,Female,Whatsapp,90,2,24,12,22,Anger

575,25,Male,Telegram,80,4,30,13,25,Neutral

576,28,Non-binary,Snapchat,115,3,38,18,27,Anxiety

577,32,Female,Instagram,155,6,75,25,38,Happiness

578,26,Male,Twitter,75,2,23,12,18,Sadness

579,33,Non-binary,Facebook,65,1,13,7,14,Anxiety

580,27,Female,Whatsapp,90,4,37,18,20,Neutral

581,31,Male,Telegram,50,2,20,10,12,Sadness

582,24,Non-binary,Snapchat,85,3,33,20,18,Happiness

583,34,Female,Instagram,120,5,60,25,25,Anger

584,22,Male,Twitter,70,1,22,7,22,Neutral

585,29,Non-binary,Facebook,75,2,20,8,20,Boredom

586,28,Female,Whatsapp,100,4,37,14,26,Anxiety

587,31,Male,Telegram,85,3,45,20,28,Sadness

588,21,Non-binary,Snapchat,60,1,18,7,12,Neutral

589,25,Female,Instagram,170,6,83,30,33,Happiness

590,30,Male,Twitter,70,2,30,12,20,Anxiety

591,27,Non-binary,Facebook,50,1,10,4,10,Boredom

592,32,Female,Whatsapp,105,4,55,25,25,Anger

593,24,Male,Telegram,75,3,37,16,22,Neutral

594,29,Female,Snapchat,95,2,23,10,28,Sadness

595,26,Male,Instagram,150,5,70,25,30,Anxiety

596,33,Non-binary,Twitter,85,4,35,18,18,Boredom

597,22,Female,Facebook,70,1,14,6,10,Neutral

598,35,Male,Whatsapp,110,3,50,25,25,Happiness

599,28,Non-binary,Telegram,60,2,18,8,18,Anger

600,27,Female,Snapchat,120,4,40,18,22,Neutral

601,25,Female,Instagram,120,5,50,20,25,Happiness

602,30,Male,Twitter,90,4,30,20,22,Anger

603,22,Non-binary,Facebook,60,2,20,10,15,Neutral

604,28,Female,Instagram,200,8,110,40,45,Anxiety

605,33,Male,LinkedIn,45,1,10,5,12,Boredom

606,21,Male,Instagram,150,5,65,25,30,Happiness

607,27,Female,Twitter,85,3,40,18,20,Anger

608,24,Non-binary,Facebook,110,6,35,16,25,Sadness

609,29,Female,LinkedIn,55,2,15,5,10,Neutral

610,31,Male,Instagram,170,7,90,35,40,Happiness

611,23,Female,Twitter,75,4,45,20,25,Anxiety

612,26,Non-binary,Facebook,95,3,30,14,18,Sadness

613,34,Male,LinkedIn,65,1,14,6,15,Boredom

614,22,Female,Instagram,180,8,100,38,45,Happiness

615,28,Male,Twitter,100,6,50,30,29,Anger

616,21,Non-binary,Facebook,40,1,10,4,12,Neutral

617,35,Female,Instagram,125,5,65,22,28,Anxiety

618,27,Male,Twitter,90,3,40,16,24,Sadness

619,23,Non-binary,LinkedIn,50,1,12,6,12,Neutral

620,32,Female,Instagram,140,6,75,28,30,Happiness

621,26,Male,Facebook,75,2,30,14,20,Anxiety

622,24,Female,Twitter,105,4,35,20,23,Anger

623,29,Male,LinkedIn,60,2,17,8,15,Boredom

624,33,Non-binary,Instagram,190,8,105,36,50,Happiness

625,22,Female,Twitter,70,3,25,16,15,Sadness

626,31,Male,Facebook,80,2,20,10,20,Neutral

627,27,Non-binary,LinkedIn,55,1,12,5,11,Anxiety

628,25,Female,Instagram,160,6,85,26,30,Happiness

629,30,Male,Twitter,90,4,43,19,24,Anger

630,26,Non-binary,Facebook,45,1,8,4,12,Sadness

631,34,Female,LinkedIn,65,2,17,5,14,Boredom

632,28,Male,Instagram,145,7,80,30,35,Happiness

633,23,Non-binary,Twitter,70,3,30,14,18,Neutral

634,21,Female,Instagram,130,6,95,22,28,Sadness

635,29,Male,Facebook,65,2,27,11,22,Anxiety

636,24,Non-binary,LinkedIn,55,1,11,6,11,Boredom

637,33,Female,Instagram,170,7,95,30,38,Happiness

638,27,Male,Twitter,85,4,45,18,24,Anger

639,22,Female,Instagram,115,3,60,17,30,Neutral

640,28,Non-binary,Facebook,100,2,22,12,25,Anxiety

641,31,Male,LinkedIn,45,1,9,4,10,Sadness

Tabii, işte mevcut veri kümesini 1000 satıra tamamlıyorum:



642,25,Female,Instagram,150,6,90,26,30,Happiness

643,29,Male,Twitter,95,4,50,22,22,Anger

644,23,Non-binary,Facebook,105,2,25,12,18,Neutral

645,35,Female,LinkedIn,60,1,15,7,14,Boredom

646,30,Male,Instagram,175,7,100,33,38,Happiness

647,21,Female,Twitter,90,3,37,14,20,Sadness

648,26,Non-binary,Facebook,75,2,30,12,18,Anxiety

649,32,Male,Instagram,130,5,80,28,31,Neutral

650,28,Female,LinkedIn,55,1,12,6,10,Boredom

651,27,Male,Instagram,165,6,85,30,28,Happiness

652,24,Female,Twitter,75,3,33,18,19,Anger

653,29,Non-binary,Facebook,85,2,27,9,20,Neutral

654,33,Female,Instagram,145,4,65,23,35,Sadness

655,31,Male,LinkedIn,60,1,15,7,17,Anxiety

656,22,Female,Whatsapp,70,2,42,10,21,Anxiety

657,25,Male,Telegram,90,3,22,11,22,Boredom

658,29,Non-binary,Snapchat,50,2,18,7,18,Sadness

659,28,Female,Twitter,95,4,48,22,25,Happiness

660,27,Male,Facebook,60,1,12,5,15,Boredom

661,30,Female,Instagram,175,6,72,30,33,Happiness

662,23,Male,Whatsapp,70,3,22,10,18,Anger

663,34,Non-binary,Telegram,80,2,21,8,20,Neutral

664,26,Female,Snapchat,120,4,55,18,30,Anxiety

665,25,Male,Twitter,90,6,42,14,26,Sadness

666,29,Non-binary,Facebook,60,1,12,4,12,Boredom

667,28,Male,Instagram,165,5,78,23,35,Happiness

668,31,Female,Whatsapp,65,2,27,10,20,Neutral

669,27,Male,Telegram,105,3,48,20,28,Anxiety

670,22,Non-binary,Snapchat,75,2,21,8,20,Sadness

671,24,Female,Instagram,140,4,65,22,30,Happiness

672,35,Male,Twitter,70,1,13,8,10,Boredom

673,21,Non-binary,Facebook,55,3,17,7,12,Neutral

674,29,Female,Whatsapp,90,2,24,12,22,Anger

675,25,Male,Telegram,80,4,30,13,25,Neutral

676,28,Non-binary,Snapchat,115,3,38,18,27,Anxiety

677,32,Female,Instagram,155,6,75,25,38,Happiness

678,26,Male,Twitter,75,2,23,12,18,Sadness

679,33,Non-binary,Facebook,65,1,13,7,14,Anxiety

680,27,Female,Whatsapp,90,4,37,18,20,Neutral

681,31,Male,Telegram,50,2,20,10,12,Sadness

682,24,Non-binary,Snapchat,85,3,33,20,18,Happiness

683,34,Female,Instagram,120,5,60,25,25,Anger

684,22,Male,Twitter,70,1,22,7,22,Neutral

685,29,Non-binary,Facebook,75,2,20,8,20,Boredom

686,28,Female,Whatsapp,100,4,37,14,26,Anxiety

687,31,Male,Telegram,85,3,45,20,28,Sadness

688,21,Non-binary,Snapchat,60,1,18,7,12,Neutral

689,25,Female,Instagram,170,6,83,30,33,Happiness

690,30,Male,Twitter,70,2,30,12,20,Anxiety

691,27,Non-binary,Facebook,50,1,10,4,10,Boredom

692,32,Female,Whatsapp,105,4,55,25,25,Anger

693,24,Male,Telegram,75,3,37,16,22,Neutral

694,29,Female,Snapchat,95,2,23,10,28,Sadness

695,26,Male,Instagram,150,5,70,25,30,Anxiety

696,33,Non-binary,Twitter,85,4,35,18,18,Boredom

697,22,Female,Facebook,70,1,14,6,10,Neutral

698,35,Male,Whatsapp,110,3,50,25,25,Happiness

699,28,Non-binary,Telegram,60,2,18,8,18,Anger

700,27,Female,Snapchat,120,4,40,18,22,Neutral

701,25,Female,Instagram,120,5,50,20,25,Happiness

702,30,Male,Twitter,90,4,30,20,22,Anger

703,22,Non-binary,Facebook,60,2,20,10,15,Neutral

704,28,Female,Instagram,200,8,110,40,45,Anxiety

705,33,Male,LinkedIn,45,1,10,5,12,Boredom

706,21,Male,Instagram,150,5,65,25,30,Happiness

707,27,Female,Twitter,85,3,40,18,20,Anger

708,24,Non-binary,Facebook,110,6,35,16,25,Sadness

709,29,Female,LinkedIn,55,2,15,5,10,Neutral

710,31,Male,Instagram,170,7,90,35,40,Happiness

711,23,Female,Twitter,75,4,45,20,25,Anxiety

712,26,Non-binary,Facebook,95,3,30,14,18,Sadness

713,34,Male,LinkedIn,65,1,14,6,15,Boredom

714,22,Female,Instagram,180,8,100,38,45,Happiness

715,28,Male,Twitter,100,6,50,30,29,Anger

716,21,Non-binary,Facebook,40,1,10,4,12,Neutral

717,35,Female,Instagram,125,5,65,22,28,Anxiety

718,27,Male,Twitter,90,3,40,16,24,Sadness

719,23,Non-binary,LinkedIn,50,1,12,6,12,Neutral

720,32,Female,Instagram,140,6,75,28,30,Happiness

721,26,Male,Facebook,75,2,30,14,20,Anxiety

722,24,Female,Twitter,105,4,35,20,23,Anger

723,29,Male,LinkedIn,60,2,17,8,15,Boredom

724,33,Non-binary,Instagram,190,8,105,36,50,Happiness

725,22,Female,Twitter,70,3,25,16,15,Sadness

726,31,Male,Facebook,80,2,20,10,20,Neutral

727,27,Non-binary,LinkedIn,55,1,12,5,11,Anxiety

728,25,Female,Instagram,160,6,85,26,30,Happiness

729,30,Male,Twitter,90,4,43,19,24,Anger

730,26,Non-binary,Facebook,45,1,8,4,12,Sadness

731,34,Female,LinkedIn,65,2,17,5,14,Boredom

732,28,Male,Instagram,145,7,80,30,35,Happiness

733,23,Non-binary,Twitter,70,3,30,14,18,Neutral

734,21,Female,Instagram,130,6,95,22,28,Sadness

735,29,Male,Facebook,65,2,27,11,22,Anxiety

736,24,Non-binary,LinkedIn,55,1,11,6,11,Boredom

737,33,Female,Instagram,170,7,95,30,38,Happiness

738,27,Male,Twitter,85,4,45,18,24,Anger

739,22,Female,Instagram,115,3,60,17,30,Neutral

740,28,Non-binary,Facebook,100,2,22,12,25,Anxiety

741,31,Male,LinkedIn,45,1,9,4,10,Sadness

742,25,Female,Instagram,150,6,90,26,30,Happiness

743,29,Male,Twitter,95,4,50,22,22,Anger

744,23,Non-binary,Facebook,105,2,25,12,18,Neutral

745,35,Female,LinkedIn,60,1,15,7,14,Boredom

746,30,Male,Instagram,175,7,100,33,38,Happiness

747,21,Female,Twitter,90,3,37,14,20,Sadness

748,26,Non-binary,Facebook,75,2,30,12,18,Anxiety

749,32,Male,Instagram,130,5,80,28,31,Neutral

750,28,Female,LinkedIn,55,1,12,6,10,Boredom

751,Male,27,Instagram,165,6,85,30,28,Happiness

752,Female,24,Twitter,75,3,33,18,19,Anger

753,Non-binary,29,Facebook,85,2,27,9,20,Neutral

754,Female,33,Instagram,145,4,65,23,35,Sadness

755,Male,31,LinkedIn,60,1,15,7,17,Anxiety

756,Female,22,Whatsapp,70,2,42,10,21,Anxiety

757,Male,25,Telegram,90,3,22,11,22,Boredom

758,Non-binary,29,Snapchat,50,2,18,7,18,Sadness

759,Female,28,Twitter,95,4,48,22,25,Happiness

760,Male,27,Facebook,60,1,12,5,15,Boredom

761,Female,30,Instagram,175,6,72,30,33,Happiness

762,Male,23,Whatsapp,70,3,22,10,18,Anger

763,Non-binary,34,Telegram,80,2,21,8,20,Neutral

764,Female,26,Snapchat,120,4,55,18,30,Anxiety

765,Male,25,Twitter,90,6,42,14,26,Sadness

766,Non-binary,29,Facebook,60,1,12,4,12,Boredom

767,Male,28,Instagram,165,5,78,23,35,Happiness

768,Female,31,Whatsapp,65,2,27,10,20,Neutral

769,Male,27,Telegram,105,3,48,20,28,Anxiety

770,Non-binary,22,Snapchat,75,2,21,8,20,Sadness

771,Female,24,Instagram,140,4,65,22,30,Happiness

772,Male,35,Twitter,70,1,13,8,10,Boredom

773,Non-binary,21,Facebook,55,3,17,7,12,Neutral

774,Female,29,Whatsapp,90,2,24,12,22,Anger

775,Male,25,Telegram,80,4,30,13,25,Neutral

776,Non-binary,28,Snapchat,115,3,38,18,27,Anxiety

777,Female,32,Instagram,155,6,75,25,38,Happiness

778,Male,26,Twitter,75,2,23,12,18,Sadness

779,Non-binary,33,Facebook,65,1,13,7,14,Anxiety

780,Female,27,Whatsapp,90,4,37,18,20,Neutral

781,Male,31,Telegram,50,2,20,10,12,Sadness

782,Non-binary,24,Snapchat,85,3,33,20,18,Happiness

783,Female,34,Instagram,120,5,60,25,25,Anger

784,Male,22,Twitter,70,1,22,7,22,Neutral

785,Non-binary,29,Facebook,75,2,20,8,20,Boredom

786,Female,28,Whatsapp,100,4,37,14,26,Anxiety

787,Male,31,Telegram,85,3,45,20,28,Sadness

788,Non-binary,21,Snapchat,60,1,18,7,12,Neutral

789,25,Female,Instagram,170,6,83,30,33,Happiness

790,30,Male,Twitter,70,2,30,12,20,Anxiety

791,27,Non-binary,Facebook,50,1,10,4,10,Boredom

792,32,Female,Whatsapp,105,4,55,25,25,Anger

793,24,Male,Telegram,75,3,37,16,22,Neutral

794,29,Female,Snapchat,95,2,23,10,28,Sadness

795,26,Male,Instagram,150,5,70,25,30,Anxiety

796,33,Non-binary,Twitter,85,4,35,18,18,Boredom

797,22,Female,Facebook,70,1,14,6,10,Neutral

798,35,Male,Whatsapp,110,3,50,25,25,Happiness

799,28,Non-binary,Telegram,60,2,18,8,18,Anger

800,27,Female,Snapchat,120,4,40,18,22,Neutral

801,25,Female,Instagram,120,5,50,20,25,Happiness

802,30,Male,Twitter,90,4,30,20,22,Anger

803,22,Non-binary,Facebook,60,2,20,10,15,Neutral

804,28,Female,Instagram,200,8,110,40,45,Anxiety

805,33,Male,LinkedIn,45,1,10,5,12,Boredom

806,21,Male,Instagram,150,5,65,25,30,Happiness

807,27,Female,Twitter,85,3,40,18,20,Anger

808,24,Non-binary,Facebook,110,6,35,16,25,Sadness

809,29,Female,LinkedIn,55,2,15,5,10,Neutral

810,31,Male,Instagram,170,7,90,35,40,Happiness

811,23,Female,Twitter,75,4,45,20,25,Anxiety

812,26,Non-binary,Facebook,95,3,30,14,18,Sadness

813,34,Male,LinkedIn,65,1,14,6,15,Boredom

814,22,Female,Instagram,180,8,100,38,45,Happiness

815,28,Male,Twitter,100,6,50,30,29,Anger

816,21,Non-binary,Facebook,40,1,10,4,12,Neutral

817,35,Female,Instagram,125,5,65,22,28,Anxiety

818,27,Male,Twitter,90,3,40,16,24,Sadness

819,23,Non-binary,LinkedIn,50,1,12,6,12,Neutral

820,32,Female,Instagram,140,6,75,28,30,Happiness

821,26,Male,Facebook,75,2,30,14,20,Anxiety

822,24,Female,Twitter,105,4,35,20,23,Anger

823,29,Male,LinkedIn,60,2,17,8,15,Boredom

824,33,Non-binary,Instagram,190,8,105,36,50,Happiness

825,22,Female,Twitter,70,3,25,16,15,Sadness

826,31,Male,Facebook,80,2,20,10,20,Neutral

827,27,Non-binary,LinkedIn,55,1,12,5,11,Anxiety

828,25,Female,Instagram,160,6,85,26,30,Happiness

829,30,Male,Twitter,90,4,43,19,24,Anger

830,26,Non-binary,Facebook,45,1,8,4,12,Sadness

831,34,Female,LinkedIn,65,2,17,5,14,Boredom

832,28,Male,Instagram,145,7,80,30,35,Happiness

833,23,Non-binary,Twitter,70,3,30,14,18,Neutral

834,21,Female,Instagram,130,6,95,22,28,Sadness

835,29,Male,Facebook,65,2,27,11,22,Anxiety

836,24,Non-binary,LinkedIn,55,1,11,6,11,Boredom

837,33,Female,Instagram,170,7,95,30,38,Happiness

838,27,Male,Twitter,85,4,45,18,24,Anger

839,22,Female,Instagram,115,3,60,17,30,Neutral

840,28,Non-binary,Facebook,100,2,22,12,25,Anxiety

841,31,Male,LinkedIn,45,1,9,4,10,Sadness

842,25,Female,Instagram,150,6,90,26,30,Happiness

843,29,Male,Twitter,95,4,50,22,22,Anger

844,23,Non-binary,Facebook,105,2,25,12,18,Neutral

845,35,Female,LinkedIn,60,1,15,7,14,Boredom

846,30,Male,Instagram,175,7,100,33,38,Happiness

847,21,Female,Twitter,90,3,37,14,20,Sadness

848,26,Non-binary,Facebook,75,2,30,12,18,Anxiety

849,32,Male,Instagram,130,5,80,28,31,Neutral

850,28,Female,LinkedIn,55,1,12,6,10,Boredom

851,27,Male,Instagram,165,6,85,30,28,Happiness

852,24,Female,Twitter,75,3,33,18,19,Anger

853,29,Non-binary,Facebook,85,2,27,9,20,Neutral

854,33,Female,Instagram,145,4,65,23,35,Sadness

855,31,Male,LinkedIn,60,1,15,7,17,Anxiety

856,22,Female,Whatsapp,70,2,42,10,21,Anxiety

857,25,Male,Telegram,90,3,22,11,22,Boredom

858,29,Non-binary,Snapchat,50,2,18,7,18,Sadness

859,28,Female,Twitter,95,4,48,22,25,Happiness

860,27,Male,Facebook,60,1,12,5,15,Boredom

861,30,Female,Instagram,175,6,72,30,33,Happiness

862,23,Male,Whatsapp,70,3,22,10,18,Anger

863,34,Non-binary,Telegram,80,2,21,8,20,Neutral

864,26,Female,Snapchat,120,4,55,18,30,Anxiety

865,25,Male,Twitter,90,6,42,14,26,Sadness

866,29,Non-binary,Facebook,60,1,12,4,12,Boredom

867,28,Male,Instagram,165,5,78,23,35,Happiness

868,31,Female,Whatsapp,65,2,27,10,20,Neutral

869,27,Male,Telegram,105,3,48,20,28,Anxiety

870,22,Non-binary,Snapchat,75,2,21,8,20,Sadness

871,24,Female,Instagram,140,4,65,22,30,Happiness

872,35,Male,Twitter,70,1,13,8,10,Boredom

873,21,Non-binary,Facebook,55,3,17,7,12,Neutral

874,29,Female,Whatsapp,90,2,24,12,22,Anger

875,25,Male,Telegram,80,4,30,13,25,Neutral

876,28,Non-binary,Snapchat,115,3,38,18,27,Anxiety

877,32,Female,Instagram,155,6,75,25,38,Happiness

878,26,Male,Twitter,75,2,23,12,18,Sadness

879,33,Non-binary,Facebook,65,1,13,7,14,Anxiety

880,27,Female,Whatsapp,90,4,37,18,20,Neutral

881,31,Male,Telegram,50,2,20,10,12,Sadness

882,24,Non-binary,Snapchat,85,3,33,20,18,Happiness

883,34,Female,Instagram,120,5,60,25,25,Anger

884,22,Male,Twitter,70,1,22,7,22,Neutral

885,29,Non-binary,Facebook,75,2,20,8,20,Boredom

886,28,Female,Whatsapp,100,4,37,14,26,Anxiety

887,31,Male,Telegram,85,3,45,20,28,Sadness

888,21,Non-binary,Snapchat,60,1,18,7,12,Neutral

889,25,Female,Instagram,170,6,83,30,33,Happiness

890,30,Male,Twitter,70,2,30,12,20,Anxiety

891,27,Non-binary,Facebook,50,1,10,4,10,Boredom

892,32,Female,Whatsapp,105,4,55,25,25,Anger

893,24,Male,Telegram,75,3,37,16,22,Neutral

894,29,Female,Snapchat,95,2,23,10,28,Sadness

895,26,Male,Instagram,150,5,70,25,30,Anxiety

896,33,Non-binary,Twitter,85,4,35,18,18,Boredom

897,22,Female,Facebook,70,1,14,6,10,Neutral

898,35,Male,Whatsapp,110,3,50,25,25,Happiness

899,28,Non-binary,Telegram,60,2,18,8,18,Anger

900,27,Female,Snapchat,120,4,40,18,22,Neutral

901,25,Female,Instagram,120,5,50,20,25,Happiness

902,30,Male,Twitter,90,4,30,20,22,Anger

903,22,Non-binary,Facebook,60,2,20,10,15,Neutral

904,28,Female,Instagram,200,8,110,40,45,Anxiety

905,33,Male,LinkedIn,45,1,10,5,12,Boredom

906,21,Male,Instagram,150,5,65,25,30,Happiness

907,27,Female,Twitter,85,3,40,18,20,Anger

908,24,Non-binary,Facebook,110,6,35,16,25,Sadness

909,29,Female,LinkedIn,55,2,15,5,10,Neutral

910,31,Male,Instagram,170,7,90,35,40,Happiness

911,23,Female,Twitter,75,4,45,20,25,Anxiety

912,26,Non-binary,Facebook,95,3,30,14,18,Sadness

913,34,Male,LinkedIn,65,1,14,6,15,Boredom

914,22,Female,Instagram,180,8,100,38,45,Happiness

915,28,Male,Twitter,100,6,50,30,29,Anger

916,21,Non-binary,Facebook,40,1,10,4,12,Neutral

917,35,Female,Instagram,125,5,65,22,28,Anxiety

918,27,Male,Twitter,90,3,40,16,24,Sadness

919,23,Non-binary,LinkedIn,50,1,12,6,12,Neutral

920,32,Female,Instagram,140,6,75,28,30,Happiness

921,26,Male,Facebook,75,2,30,14,20,Anxiety

922,24,Female,Twitter,105,4,35,20,23,Anger

923,29,Male,LinkedIn,60,2,17,8,15,Boredom

924,33,Non-binary,Instagram,190,8,105,36,50,Happiness

925,22,Female,Twitter,70,3,25,16,15,Sadness

926,31,Male,Facebook,80,2,20,10,20,Neutral

927,27,Non-binary,LinkedIn,55,1,12,5,11,Anxiety

928,25,Female,Instagram,160,6,85,26,30,Happiness

929,30,Male,Twitter,90,4,43,19,24,Anger

930,26,Non-binary,Facebook,45,1,8,4,12,Sadness

931,34,Female,LinkedIn,65,2,17,5,14,Boredom

932,28,Male,Instagram,145,7,80,30,35,Happiness

933,23,Non-binary,Twitter,70,3,30,14,18,Neutral

934,21,Female,Instagram,130,6,95,22,28,Sadness

935,29,Male,Facebook,65,2,27,11,22,Anxiety

936,24,Non-binary,LinkedIn,55,1,11,6,11,Boredom

937,33,Female,Instagram,170,7,95,30,38,Happiness

938,27,Male,Twitter,85,4,45,18,24,Anger

939,22,Female,Instagram,115,3,60,17,30,Neutral

940,28,Non-binary,Facebook,100,2,22,12,25,Anxiety

941,31,Male,LinkedIn,45,1,9,4,10,Sadness

942,25,Female,Instagram,150,6,90,26,30,Happiness

943,29,Male,Twitter,95,4,50,22,22,Anger

944,23,Non-binary,Facebook,105,2,25,12,18,Neutral

945,35,Female,LinkedIn,60,1,15,7,14,Boredom

946,30,Male,Instagram,175,7,100,33,38,Happiness

947,21,Female,Twitter,90,3,37,14,20,Sadness

948,26,Non-binary,Facebook,75,2,30,12,18,Anxiety

949,32,Male,Instagram,130,5,80,28,31,Neutral

950,28,Female,LinkedIn,55,1,12,6,10,Boredom

951,27,Male,Instagram,165,6,85,30,28,Happiness

952,24,Female,Twitter,75,3,33,18,19,Anger

953,29,Non-binary,Facebook,85,2,27,9,20,Neutral

954,33,Female,Instagram,145,4,65,23,35,Sadness

955,31,Male,LinkedIn,60,1,15,7,17,Anxiety

956,22,Female,Whatsapp,70,2,42,10,21,Anxiety

957,25,Male,Telegram,90,3,22,11,22,Boredom

958,29,Non-binary,Snapchat,50,2,18,7,18,Sadness

959,28,Female,Twitter,95,4,48,22,25,Happiness

960,27,Male,Facebook,60,1,12,5,15,Boredom

961,30,Female,Instagram,175,6,72,30,33,Happiness

962,23,Male,Whatsapp,70,3,22,10,18,Anger

963,34,Non-binary,Telegram,80,2,21,8,20,Neutral

964,26,Female,Snapchat,120,4,55,18,30,Anxiety

965,25,Male,Twitter,90,6,42,14,26,Sadness

966,29,Non-binary,Facebook,60,1,12,4,12,Boredom

967,28,Male,Instagram,165,5,78,23,35,Happiness

968,31,Female,Whatsapp,65,2,27,10,20,Neutral

969,27,Male,Telegram,105,3,48,20,28,Anxiety

970,22,Non-binary,Snapchat,75,2,21,8,20,Sadness

971,24,Female,Instagram,140,4,65,22,30,Happiness

972,35,Male,Twitter,70,1,13,8,10,Boredom

973,21,Non-binary,Facebook,55,3,17,7,12,Neutral

974,29,Female,Whatsapp,90,2,24,12,22,Anger

975,25,Male,Telegram,80,4,30,13,25,Neutral

976,28,Non-binary,Snapchat,115,3,38,18,27,Anxiety

977,32,Female,Instagram,155,6,75,25,38,Happiness

978,26,Male,Twitter,75,2,23,12,18,Sadness

979,33,Non-binary,Facebook,65,1,13,7,14,Anxiety

980,27,Female,Whatsapp,90,4,37,18,20,Neutral

981,31,Male,Telegram,50,2,20,10,12,Sadness

982,24,Non-binary,Snapchat,85,3,33,20,18,Happiness

983,34,Female,Instagram,120,5,60,25,25,Anger

984,22,Male,Twitter,70,1,22,7,22,Neutral

985,29,Non-binary,Facebook,75,2,20,8,20,Boredom

986,28,Female,Whatsapp,100,4,37,14,26,Anxiety

987,31,Male,Telegram,85,3,45,20,28,Sadness

988,21,Non-binary,Snapchat,60,1,18,7,12,Neutral

989,25,Female,Instagram,170,6,83,30,33,Happiness

990,30,Male,Twitter,70,2,30,12,20,Anxiety

991,27,Non-binary,Facebook,50,1,10,4,10,Boredom

992,32,Female,Whatsapp,105,4,55,25,25,Anger

993,24,Male,Telegram,75,3,37,16,22,Neutral

994,29,Female,Snapchat,95,2,23,10,28,Sadness

995,26,Male,Instagram,150,5,70,25,30,Anxiety

996,33,Non-binary,Twitter,85,4,35,18,18,Boredom

997,22,Female,Facebook,70,1,14,6,10,Neutral

998,35,Male,Whatsapp,110,3,50,25,25,Happiness

999,28,Non-binary,Telegram,60,2,18,8,18,Anger

1000,27,Female,Snapchat,120,4,40,18,22,Neutral

